-- MySQL dump 10.17  Distrib 10.3.17-MariaDB, for debian-linux-gnueabihf (armv7l)
--
-- Host: localhost    Database: project_database
-- ------------------------------------------------------
-- Server version	10.3.17-MariaDB-0+deb10u1

/*!40101 SET @OLD_CHARACTER_SET_CLIENT=@@CHARACTER_SET_CLIENT */;
/*!40101 SET @OLD_CHARACTER_SET_RESULTS=@@CHARACTER_SET_RESULTS */;
/*!40101 SET @OLD_COLLATION_CONNECTION=@@COLLATION_CONNECTION */;
/*!40101 SET NAMES utf8mb4 */;
/*!40103 SET @OLD_TIME_ZONE=@@TIME_ZONE */;
/*!40103 SET TIME_ZONE='+00:00' */;
/*!40014 SET @OLD_UNIQUE_CHECKS=@@UNIQUE_CHECKS, UNIQUE_CHECKS=0 */;
/*!40014 SET @OLD_FOREIGN_KEY_CHECKS=@@FOREIGN_KEY_CHECKS, FOREIGN_KEY_CHECKS=0 */;
/*!40101 SET @OLD_SQL_MODE=@@SQL_MODE, SQL_MODE='NO_AUTO_VALUE_ON_ZERO' */;
/*!40111 SET @OLD_SQL_NOTES=@@SQL_NOTES, SQL_NOTES=0 */;

--
-- Current Database: `project_database`
--

CREATE DATABASE /*!32312 IF NOT EXISTS*/ `project_database` /*!40100 DEFAULT CHARACTER SET utf8 */;

USE `project_database`;

--
-- Table structure for table `tbldecibels`
--

DROP TABLE IF EXISTS `tbldecibels`;
/*!40101 SET @saved_cs_client     = @@character_set_client */;
/*!40101 SET character_set_client = utf8 */;
CREATE TABLE `tbldecibels` (
  `DecibelsID` int(11) NOT NULL AUTO_INCREMENT,
  `DecibelWaarde` float DEFAULT 60,
  `DateTime` datetime NOT NULL,
  `tblHistoriek_HistoriekID` int(11) NOT NULL,
  PRIMARY KEY (`DecibelsID`,`tblHistoriek_HistoriekID`),
  KEY `fk_tblDecibels_tblHistoriek1_idx` (`tblHistoriek_HistoriekID`),
  CONSTRAINT `fk_tblDecibels_tblHistoriek1` FOREIGN KEY (`tblHistoriek_HistoriekID`) REFERENCES `tblhistoriek` (`HistoriekID`)
) ENGINE=InnoDB AUTO_INCREMENT=4057 DEFAULT CHARSET=utf8;
/*!40101 SET character_set_client = @saved_cs_client */;

--
-- Dumping data for table `tbldecibels`
--

LOCK TABLES `tbldecibels` WRITE;
/*!40000 ALTER TABLE `tbldecibels` DISABLE KEYS */;
INSERT INTO `tbldecibels` VALUES (3841,47.56,'2020-05-26 14:37:00',24),(3842,45.06,'2020-05-26 14:37:01',24),(3843,49.5,'2020-05-26 14:37:02',24),(3844,46.4,'2020-05-26 14:37:03',24),(3845,45.06,'2020-05-26 14:37:04',24),(3846,50.33,'2020-05-26 14:37:05',24),(3847,46.4,'2020-05-26 14:40:05',25),(3848,46.4,'2020-05-26 14:40:06',25),(3849,45.06,'2020-05-26 14:40:07',25),(3850,46.4,'2020-05-26 14:40:08',25),(3851,46.4,'2020-05-26 14:40:09',25),(3852,47.56,'2020-05-26 14:40:10',25),(3853,46.4,'2020-05-26 14:40:11',25),(3854,46.4,'2020-05-26 14:40:12',25),(3855,47.56,'2020-05-26 14:40:13',25),(3856,46.4,'2020-05-26 14:40:14',25),(3857,45.06,'2020-05-26 14:40:15',25),(3858,48.58,'2020-05-26 14:40:17',25),(3859,48.58,'2020-05-26 14:40:18',25),(3860,46.4,'2020-05-26 14:40:19',25),(3861,46.4,'2020-05-26 14:40:20',25),(3862,46.4,'2020-05-26 14:40:21',25),(3863,46.4,'2020-05-26 14:40:22',25),(3864,46.4,'2020-05-26 14:40:23',25),(3865,48.58,'2020-05-26 14:40:24',25),(3866,46.4,'2020-05-26 14:40:25',25),(3867,46.4,'2020-05-26 14:40:26',25),(3868,46.4,'2020-05-26 14:40:27',25),(3869,46.4,'2020-05-26 14:40:28',25),(3870,45.06,'2020-05-26 14:40:29',25),(3871,45.06,'2020-05-26 14:40:30',25),(3872,45.06,'2020-05-26 14:40:31',25),(3873,46.4,'2020-05-26 14:40:32',25),(3874,45.06,'2020-05-26 14:40:33',25),(3875,45.06,'2020-05-26 14:40:34',25),(3876,45.06,'2020-05-26 14:40:35',25),(3877,45.06,'2020-05-26 14:40:36',25),(3878,46.4,'2020-05-26 14:40:37',25),(3879,45.06,'2020-05-26 14:40:38',25),(3880,43.48,'2020-05-26 14:40:39',25),(3881,46.4,'2020-05-26 14:40:40',25),(3882,46.4,'2020-05-26 14:40:41',25),(3883,43.48,'2020-05-26 14:40:42',25),(3884,46.4,'2020-05-26 14:40:43',25),(3885,45.06,'2020-05-26 14:40:44',25),(3886,45.06,'2020-05-26 14:40:45',25),(3887,45.06,'2020-05-26 14:40:46',25),(3888,45.06,'2020-05-26 14:40:47',25),(3889,47.56,'2020-05-26 14:40:48',25),(3890,47.56,'2020-05-26 14:40:49',25),(3891,46.4,'2020-05-26 14:40:50',25),(3892,45.06,'2020-05-26 14:40:51',25),(3893,45.06,'2020-05-26 14:40:53',25),(3894,45.06,'2020-05-26 14:40:54',25),(3895,45.06,'2020-05-26 14:40:55',25),(3896,46.4,'2020-05-26 14:40:56',25),(3897,45.06,'2020-05-26 14:40:57',25),(3898,48.58,'2020-05-26 14:40:58',25),(3899,47.56,'2020-05-26 14:40:59',25),(3900,45.06,'2020-05-26 14:41:00',25),(3901,45.06,'2020-05-26 14:41:01',25),(3902,45.06,'2020-05-26 14:41:02',25),(3903,45.06,'2020-05-26 14:41:03',25),(3904,43.48,'2020-05-26 14:41:04',25),(3905,45.06,'2020-05-26 14:41:05',25),(3906,45.06,'2020-05-26 14:41:06',25),(3907,49.5,'2020-05-26 14:41:07',25),(3908,45.06,'2020-05-26 14:41:08',25),(3909,45.06,'2020-05-26 14:41:09',25),(3910,45.06,'2020-05-26 14:41:10',25),(3911,45.06,'2020-05-26 14:41:11',25),(3912,48.58,'2020-05-26 14:41:12',25),(3913,46.4,'2020-05-26 14:41:13',25),(3914,45.06,'2020-05-26 14:41:14',25),(3915,46.4,'2020-05-26 14:41:15',25),(3916,46.4,'2020-05-26 14:41:16',25),(3917,47.56,'2020-05-26 14:41:17',25),(3918,46.4,'2020-05-26 14:41:18',25),(3919,45.06,'2020-05-26 14:41:19',25),(3920,41.54,'2020-05-26 14:41:20',25),(3921,45.06,'2020-05-26 14:41:21',25),(3922,45.06,'2020-05-26 14:41:22',25),(3923,45.06,'2020-05-26 14:41:23',25),(3924,46.4,'2020-05-26 14:41:24',25),(3925,46.4,'2020-05-26 14:41:25',25),(3926,43.48,'2020-05-26 14:41:26',25),(3927,45.06,'2020-05-26 14:41:27',25),(3928,45.06,'2020-05-26 14:41:28',25),(3929,46.4,'2020-05-26 14:41:30',25),(3930,46.4,'2020-05-26 14:41:31',25),(3931,45.06,'2020-05-26 14:41:32',25),(3932,41.54,'2020-05-26 14:41:33',25),(3933,45.06,'2020-05-26 14:41:34',25),(3934,46.4,'2020-05-26 14:41:35',25),(3935,43.48,'2020-05-26 14:41:36',25),(3936,46.4,'2020-05-26 14:41:37',25),(3937,46.4,'2020-05-27 10:47:44',26),(3938,45.06,'2020-05-27 10:47:45',26),(3939,45.06,'2020-05-27 10:47:46',26),(3940,45.06,'2020-05-27 10:47:47',26),(3941,45.06,'2020-05-27 10:47:48',26),(3942,45.06,'2020-05-27 10:47:49',26),(3943,45.06,'2020-05-27 10:47:50',26),(3944,45.06,'2020-05-27 10:47:51',26),(3945,45.06,'2020-05-27 10:47:52',26),(3946,47.56,'2020-05-27 10:47:53',26),(3947,45.06,'2020-05-27 10:47:54',26),(3948,45.06,'2020-05-27 10:47:55',26),(3949,46.4,'2020-05-27 10:47:56',26),(3950,45.06,'2020-05-27 10:47:57',26),(3951,46.4,'2020-05-27 10:47:58',26),(3952,45.06,'2020-05-27 10:47:59',26),(3953,45.06,'2020-05-27 10:48:00',26),(3954,45.06,'2020-05-27 10:48:01',26),(3955,47.56,'2020-05-27 10:48:02',26),(3956,45.06,'2020-05-27 10:48:03',26),(3957,46.4,'2020-05-27 10:48:04',26),(3958,45.06,'2020-05-27 10:48:05',26),(3959,45.06,'2020-05-27 10:48:06',26),(3960,45.06,'2020-05-27 10:48:07',26),(3961,45.06,'2020-05-27 10:48:08',26),(3962,45.06,'2020-05-27 10:48:09',26),(3963,45.06,'2020-05-27 10:48:10',26),(3964,45.06,'2020-05-27 10:48:11',26),(3965,47.56,'2020-05-27 10:48:12',26),(3966,46.4,'2020-05-27 10:48:13',26),(3967,45.06,'2020-05-27 10:48:14',26),(3968,45.06,'2020-05-27 10:48:15',26),(3969,45.06,'2020-05-27 10:48:16',26),(3970,45.06,'2020-05-27 10:48:18',26),(3971,46.4,'2020-05-27 10:48:19',26),(3972,45.06,'2020-05-27 10:48:20',26),(3973,45.06,'2020-05-27 10:48:21',26),(3974,45.06,'2020-05-27 10:48:22',26),(3975,45.06,'2020-05-27 10:48:23',26),(3976,45.06,'2020-05-27 10:48:24',26),(3977,45.06,'2020-05-27 11:04:41',27),(3978,47.56,'2020-05-27 11:04:42',27),(3979,46.4,'2020-05-27 11:04:43',27),(3980,46.4,'2020-05-27 11:04:44',27),(3981,45.06,'2020-05-27 11:04:45',27),(3982,45.06,'2020-05-27 11:04:46',27),(3983,46.4,'2020-05-27 11:04:47',27),(3984,45.06,'2020-05-27 11:04:48',27),(3985,46.4,'2020-05-27 11:04:49',27),(3986,45.06,'2020-05-27 11:04:51',27),(3987,45.06,'2020-05-27 11:04:52',27),(3988,45.06,'2020-05-27 11:04:53',27),(3989,45.06,'2020-05-27 11:04:54',27),(3990,45.06,'2020-05-27 11:04:55',27),(3991,45.06,'2020-05-27 11:04:56',27),(3992,45.06,'2020-05-27 11:04:57',27),(3993,45.06,'2020-05-27 11:04:58',27),(3994,45.06,'2020-05-27 11:04:59',27),(3995,46.4,'2020-05-27 11:05:00',27),(3996,45.06,'2020-05-27 11:05:01',27),(3997,45.06,'2020-05-27 11:05:02',27),(3998,45.06,'2020-05-27 11:05:03',27),(3999,45.06,'2020-05-27 11:05:04',27),(4000,45.06,'2020-05-27 11:05:05',27),(4001,46.4,'2020-05-27 11:05:06',27),(4002,46.4,'2020-05-27 11:05:07',27),(4003,45.06,'2020-05-27 11:05:08',27),(4004,45.06,'2020-05-27 11:05:09',27),(4005,46.4,'2020-05-27 11:05:10',27),(4006,46.4,'2020-05-27 11:05:11',27),(4007,45.06,'2020-05-27 11:05:12',27),(4008,46.4,'2020-05-27 11:05:13',27),(4009,45.06,'2020-05-27 11:05:14',27),(4010,45.06,'2020-05-27 11:05:15',27),(4011,46.4,'2020-05-27 11:05:16',27),(4012,46.4,'2020-05-27 11:05:17',27),(4013,45.06,'2020-05-27 11:05:18',27),(4014,45.06,'2020-05-27 11:05:19',27),(4015,45.06,'2020-05-27 11:05:20',27),(4016,45.06,'2020-05-27 11:05:21',27),(4017,45.06,'2020-05-27 11:05:22',27),(4018,46.4,'2020-05-27 11:05:23',27),(4019,45.06,'2020-05-27 11:05:24',27),(4020,45.06,'2020-05-27 11:05:26',27),(4021,46.4,'2020-05-27 11:05:27',27),(4022,45.06,'2020-05-27 11:05:28',27),(4023,45.06,'2020-05-27 11:05:29',27),(4024,47.56,'2020-05-27 11:05:30',27),(4025,45.06,'2020-05-27 11:05:31',27),(4026,45.06,'2020-05-27 11:05:32',27),(4027,45.06,'2020-05-27 11:05:33',27),(4028,45.06,'2020-05-27 11:05:34',27),(4029,45.06,'2020-05-27 11:05:35',27),(4030,45.06,'2020-05-27 11:05:36',27),(4031,45.06,'2020-05-27 11:05:37',27),(4032,45.06,'2020-05-27 11:05:38',27),(4033,46.4,'2020-05-27 11:05:39',27),(4034,29.5,'2020-05-27 11:05:40',27),(4035,45.06,'2020-05-27 11:05:41',27),(4036,45.06,'2020-05-27 11:05:42',27),(4037,48.58,'2020-05-27 12:45:26',28),(4038,45.06,'2020-05-27 12:45:27',28),(4039,46.4,'2020-05-27 12:45:28',28),(4040,46.4,'2020-05-27 12:45:29',28),(4041,48.58,'2020-05-27 12:45:30',28),(4042,47.56,'2020-05-27 12:45:31',28),(4043,47.56,'2020-05-27 12:45:32',28),(4044,46.4,'2020-05-27 12:45:33',28),(4045,45.06,'2020-05-27 12:45:34',28),(4046,46.4,'2020-05-27 12:45:35',28),(4047,46.4,'2020-05-27 12:45:36',28),(4048,45.06,'2020-05-27 12:45:37',28),(4049,39.04,'2020-05-27 12:45:38',28),(4050,46.4,'2020-05-27 12:45:39',28),(4051,49.5,'2020-05-27 12:45:40',28),(4052,46.4,'2020-05-27 12:45:41',28),(4053,46.4,'2020-05-27 12:45:42',28),(4054,48.58,'2020-05-27 12:45:43',28),(4055,48.58,'2020-05-27 12:45:44',28),(4056,45.06,'2020-05-27 12:45:45',28);
/*!40000 ALTER TABLE `tbldecibels` ENABLE KEYS */;
UNLOCK TABLES;

--
-- Table structure for table `tblhistoriek`
--

DROP TABLE IF EXISTS `tblhistoriek`;
/*!40101 SET @saved_cs_client     = @@character_set_client */;
/*!40101 SET character_set_client = utf8 */;
CREATE TABLE `tblhistoriek` (
  `HistoriekID` int(11) NOT NULL AUTO_INCREMENT,
  `Datum` datetime NOT NULL,
  `PlayTime` varchar(8) DEFAULT NULL,
  `User` int(11) DEFAULT NULL,
  PRIMARY KEY (`HistoriekID`),
  KEY `fk_tblHistoriek_tblUsers1_idx` (`User`),
  CONSTRAINT `fk_tblHistoriek_tblUsers1` FOREIGN KEY (`User`) REFERENCES `tblusers` (`UserID`)
) ENGINE=InnoDB AUTO_INCREMENT=29 DEFAULT CHARSET=utf8;
/*!40101 SET character_set_client = @saved_cs_client */;

--
-- Dumping data for table `tblhistoriek`
--

LOCK TABLES `tblhistoriek` WRITE;
/*!40000 ALTER TABLE `tblhistoriek` DISABLE KEYS */;
INSERT INTO `tblhistoriek` VALUES (1,'2020-05-15 16:30:00','00:24:00',2),(2,'2020-05-16 15:45:00','00:20:00',1),(3,'2020-05-20 14:30:00','00:15:00',1),(7,'2020-05-25 14:54:42','00:00:34',1),(8,'2020-05-25 14:56:24','00:00:15',2),(9,'2020-05-23 14:56:24','01:00:00',1),(10,'2020-05-24 14:56:24','00:30:00',1),(11,'2020-05-24 14:56:24','00:15:00',1),(12,'2020-05-24 14:56:24','01:10:00',1),(13,'2020-05-25 14:56:24','00:26:30',1),(14,'2020-05-25 14:56:24','00:50:00',1),(15,'2020-05-26 14:56:24','00:15:00',1),(16,'2020-05-26 14:56:24','00:10:00',1),(17,'2020-05-26 14:56:24','00:40:00',1),(18,'2020-05-26 14:56:24','01:20:00',1),(19,'2020-05-26 12:40:47','01:10:00',1),(20,'2020-05-26 12:59:53','00:00:17',1),(21,'2020-05-26 13:02:42','00:00:28',1),(22,'2020-05-26 13:10:36','00:30:00',2),(23,'2020-05-26 13:21:55','00:15:00',1),(24,'2020-05-26 14:36:59','00:00:07',1),(25,'2020-05-26 14:40:04','00:01:33',1),(26,'2020-05-27 10:47:42','01:30:00',1),(27,'2020-05-27 11:04:40','00:01:03',1),(28,'2020-05-27 12:45:24','00:00:22',1);
/*!40000 ALTER TABLE `tblhistoriek` ENABLE KEYS */;
UNLOCK TABLES;

--
-- Table structure for table `tblusers`
--

DROP TABLE IF EXISTS `tblusers`;
/*!40101 SET @saved_cs_client     = @@character_set_client */;
/*!40101 SET character_set_client = utf8 */;
CREATE TABLE `tblusers` (
  `UserID` int(11) NOT NULL,
  `Email` varchar(90) DEFAULT NULL,
  `Password` varchar(90) DEFAULT NULL,
  `RFIDKey` varchar(90) DEFAULT NULL,
  PRIMARY KEY (`UserID`)
) ENGINE=InnoDB DEFAULT CHARSET=utf8;
/*!40101 SET character_set_client = @saved_cs_client */;

--
-- Dumping data for table `tblusers`
--

LOCK TABLES `tblusers` WRITE;
/*!40000 ALTER TABLE `tblusers` DISABLE KEYS */;
INSERT INTO `tblusers` VALUES (1,'robbe.raevens@student.howest.be','(JUCpLwf]vh+>KH8*gdW/{Pm5r','93 84 6e 24'),(2,'john.doe@yahoo.com','YkrbXHg{qws+BC6A[3atN/_mLF','a5 3b 63 a3'),(3,'lang.lorenza@gmail.com','Jf(L@AQTDZuwNxPdvy!k}bae3*','113ee296'),(4,'smclaughlin@yahoo.com','=9AfkFTbL.ygh*B_(d+x}4rV@?','beb76e0d'),(5,'vkuhlman@gmail.com','b6pm2X3)Q^gPzk$yV}?WMSjwEG','3cd9314a'),(6,'nberge@gmail.com','UYr}X4^35BZ$+VyM!qWJ*FRdQx','62ba969e'),(7,'ngulgowski@schuppe.com','Kcm=f$.kN2JvpzTRVMHg+]C5xr','f3db458c'),(8,'welch.aliya@rosenbaum.com','Cg2&azGDqQF{}/L!6@Ph(f[?X-','1e0f611b'),(9,'monte.keebler@hotmail.com','7]h>J2wLa^(d6AB{Q+$k?j}!Fb','6e17b31e'),(10,'stephan.lubowitz@hotmail.com','G6xASqe+9h/7Wd(-nDYTP[&_J5','175c0778'),(11,'lucius.torp@johnston.com','}D$8aRPmG2(BcfF*KAuQ=S+@kj','75107ed7'),(12,'kreichert@bergnaum.com','hWy{b^_dwRck4BS}gzxj(+$&rt','28c2ab7c'),(13,'cchristiansen@hotmail.com','>N9W-.=^S*@Vd5RUE7B)LqX}KD','faf03fdc'),(14,'brandyn59@hotmail.com','CRcy-JX?Dmp_]&PTeUH3[zf6q9','109a4196'),(15,'wilburn.krajcik@gmail.com','x{]%w>Ez=d37c?MfY!eaDQ+@tW','7e02d4c1');
/*!40000 ALTER TABLE `tblusers` ENABLE KEYS */;
UNLOCK TABLES;
/*!40103 SET TIME_ZONE=@OLD_TIME_ZONE */;

/*!40101 SET SQL_MODE=@OLD_SQL_MODE */;
/*!40014 SET FOREIGN_KEY_CHECKS=@OLD_FOREIGN_KEY_CHECKS */;
/*!40014 SET UNIQUE_CHECKS=@OLD_UNIQUE_CHECKS */;
/*!40101 SET CHARACTER_SET_CLIENT=@OLD_CHARACTER_SET_CLIENT */;
/*!40101 SET CHARACTER_SET_RESULTS=@OLD_CHARACTER_SET_RESULTS */;
/*!40101 SET COLLATION_CONNECTION=@OLD_COLLATION_CONNECTION */;
/*!40111 SET SQL_NOTES=@OLD_SQL_NOTES */;

-- Dump completed on 2020-05-27 14:56:45
